"gene_short_name","ES_0","ES_2","ES_1","DefEnd_2","DefEnd_0","DefEnd_1","Lung_A_0","Lung_A_4","Lung_A_3","Lung_A_1","Lung_A_2","HLO_2","HLO_3","HLO_4","HLO_0","HLO_5","HLO_1","Lung_F_5","Lung_F_2","Lung_F_4","Lung_F_1","Lung_F_0","Lung_F_3"
"AJAP1",105.317,108.202,105.336,373.461,377.333,355.127,11.9907,30.7698,27.952,15.3948,11.4961,160.289,117.615,53.8891,73.6694,96.9659,162.273,4.90019,10.7894,3.30519,3.19789,6.13421,4.03148
"CNKSR1",155.826,132.88,145.576,358.863,158.877,159.884,531.186,400.007,456.55,621.391,419.607,62.7797,43.3756,27.9425,36.3684,34.9877,68.5897,261.18,231.481,205.748,224.918,281.765,294.701
"ESPN",32.2399,43.6606,33.1393,14.5978,11.0331,6.14939,33.5738,0,32.6107,81.1727,17.2441,405.396,221.883,361.257,309.598,378.867,313.394,14.7006,9.48158,18.5917,17.0554,17.5847,18.1417
"OR4F5",0,0,0,0,0,0,0,0,0,0,0,0,0,0,0,0,0,0,0,0,0,0,0
"SAMD11",0,0,0,142.329,30.8927,43.0457,40.7682,69.2319,83.8561,34.9882,97.7168,274.494,401.225,632.698,478.385,602.788,632.364,295.482,273.004,349.524,625.01,512.82,300.346
"SKI",1767.82,1855.58,1815.56,1645.9,1741.03,1890.94,2919.73,3192.36,3685.01,3112.55,2842.41,2461.1,2638.41,2787.26,3150.07,3032.93,2735.78,2432.46,2415.51,2995.74,3209.26,3382.4,3042.56
